Id,font 表 id,"渲染大小倍数, 与 tile_size相乘使用",,,,,,,,,,,,,,,,,,,,,,,,,,,,,
Id,F_QUIT_BUTTON,F_SKIP_TUTORIAL,F_BASIC_CREDITS,F_EXTERNAL_LINKS,F_ENABLE_PERF_OVERLAY,F_NO_SAVING,F_MUTE,F_SOUND_THREAD,F_VIDEO_SETTINGS,F_CTA,F_VERBOSE,F_HTTP_SCORES,F_RUMBLE,F_CRASH_REPORTS,F_NO_ERROR_HAND,F_SWAP_AB_PIPS,F_SWAP_AB_BUTTONS,F_SWAP_XY_BUTTONS,F_NO_ACHIEVEMENTS,F_DISP_USERNAME,F_ENGLISH_ONLY,F_GUIDE,F_JAN_CTA,F_HIDE_BG,F_TROPHIES,F_PS4_PLAYSTATION_GLYPHS,F_LOCAL_CLIPBOARD,F_SAVE_TIMER,F_MOBILE_UI,F_HIDE_BETA_LANGS,F_DISCORD
string,bool,bool,bool,bool,bool,bool,bool,bool,bool,bool,bool,bool,number,bool,bool,bool,bool,bool,bool,bool,bool,bool,bool,bool,bool,bool,bool,number,bool,bool,bool
unique,,,,,,,,,,,,,,,,,,,,,,,,,,,,,,,
Windows,TRUE,FALSE,FALSE,TRUE,TRUE,FALSE,FALSE,TRUE,TRUE,FALSE,TRUE,FALSE,0,FALSE,FALSE,FALSE,FALSE,FALSE,FALSE,,FALSE,FALSE,FALSE,FALSE,FALSE,FALSE,FALSE,5,FALSE,FALSE,TRUE
OS X,TRUE,FALSE,FALSE,TRUE,FALSE,FALSE,FALSE,TRUE,TRUE,FALSE,TRUE,FALSE,0,FALSE,FALSE,FALSE,FALSE,FALSE,FALSE,,FALSE,FALSE,FALSE,FALSE,FALSE,FALSE,FALSE,5,FALSE,FALSE,TRUE
Nintendo Switch,TRUE,FALSE,TRUE,TRUE,FALSE,FALSE,FALSE,TRUE,TRUE,FALSE,TRUE,FALSE,0.7,FALSE,FALSE,FALSE,FALSE,FALSE,FALSE,,FALSE,FALSE,FALSE,FALSE,FALSE,FALSE,FALSE,30,FALSE,TRUE,FALSE
ps4,TRUE,FALSE,FALSE,TRUE,FALSE,FALSE,FALSE,TRUE,TRUE,FALSE,TRUE,FALSE,0.5,FALSE,FALSE,FALSE,FALSE,FALSE,FALSE,,FALSE,FALSE,FALSE,FALSE,FALSE,FALSE,FALSE,30,FALSE,TRUE,FALSE
ps5,TRUE,FALSE,FALSE,TRUE,FALSE,FALSE,FALSE,TRUE,TRUE,FALSE,TRUE,FALSE,0.5,FALSE,FALSE,FALSE,FALSE,FALSE,FALSE,,FALSE,FALSE,FALSE,FALSE,FALSE,FALSE,FALSE,30,FALSE,TRUE,FALSE
xbox,TRUE,FALSE,FALSE,TRUE,FALSE,FALSE,FALSE,TRUE,TRUE,FALSE,TRUE,FALSE,1,FALSE,FALSE,FALSE,FALSE,FALSE,FALSE,,FALSE,FALSE,FALSE,FALSE,FALSE,FALSE,FALSE,30,FALSE,TRUE,FALSE
